<project name="launch-robocode" default="launch" basedir=".">
	<description>Manages integration between RoboBuilder and Robocode</description>

	<!-- RoboCode Integration Properties -->
	<property name="myRobots" location="../myRobots" />
	<property name="battledir" location="../robocode/battles" />
	<property name="robotdir" location="../robocode/robots/roboBuilder" />

	<path id="classpath">
		<fileset file="../robocode/libs/robocode.jar"/>
	</path>

	<target name="clean-robots" description="delete old bots">
		<delete dir="${myRobots}/build" />
	</target>

	<target name="compile-robots" depends="clean-robots" description="Compiles the Robots">
		<mkdir dir="${myRobots}/build" />
		<javac classpathref="classpath" destdir="${myRobots}/build" source="1.5" target="1.5" debug="true">
			<src path="${myRobots}" />
		</javac>
	</target>

	<target name="move-robots" description="moves and launches robots" depends="compile-robots">
		<mkdir dir="${robotdir}" />
		<copy todir="${robotdir}">
			<fileset dir="${myRobots}/build/roboBuilder">
				<include name="*.class" />
			</fileset>
		</copy>
	</target>

	<target name="launch" description="launches robocode" depends="move-robots">
		<exec dir="${roboHome}" executable="sh">
			<arg line="robocode.sh" />
		</exec>
	</target>

	<target name="launch-battle" description="launches robocode" depends="move-robots">
		<delete dir="${battledir}" />
		<mkdir dir="${battledir}" />
		<copy todir="${battledir}">
			<fileset dir="${myRobots}">
				<include name="*.battle" />
			</fileset>
		</copy>
		<exec dir="../robocode" executable="sh">
			<arg line="robocode.sh -battle roboBuilder.battle" />
		</exec>
	</target>

</project>