<Pages>
	<Page page-name="" page-color="40 40 40" page-width="1280"
		page-infullview="yes" page-drawer="">
		<PageBlocks>
			<Block id="329" genus-name="onScannedRobot">
				<Location>
					<X>84</X>
					<Y>97</Y>
				</Location>
				<Sockets num-sockets="1">
					<BlockConnector connector-kind="socket"
						connector-type="cmd" init-type="cmd" label="" position-type="single"
						con-block-id="331"></BlockConnector>
				</Sockets>
			</Block>
			<Block id="331" genus-name="fire">
				<Location>
					<X>201</X>
					<Y>105</Y>
				</Location>
				<BeforeBlockId>329</BeforeBlockId>
				<AfterBlockId>335</AfterBlockId>
				<Sockets num-sockets="1">
					<BlockConnector connector-kind="socket"
						connector-type="number" init-type="number" label="power"
						position-type="single" con-block-id="333"></BlockConnector>
				</Sockets>
			</Block>
			<Block id="335" genus-name="ifelse">
				<Location>
					<X>201</X>
					<Y>135</Y>
				</Location>
				<BeforeBlockId>331</BeforeBlockId>
				<Sockets num-sockets="3">
					<BlockConnector connector-kind="socket"
						connector-type="boolean" init-type="boolean" label="test"
						position-type="single"></BlockConnector>
					<BlockConnector connector-kind="socket"
						connector-type="cmd" init-type="cmd" label="then" position-type="single"></BlockConnector>
					<BlockConnector connector-kind="socket"
						connector-type="cmd" init-type="cmd" label="else" position-type="single"></BlockConnector>
				</Sockets>
			</Block>
			<Block id="333" genus-name="number">
				<Location>
					<X>281</X>
					<Y>108</Y>
				</Location>
				<Plug>
					<BlockConnector connector-kind="plug"
						connector-type="number" init-type="number" label="" position-type="mirror"
						con-block-id="331"></BlockConnector>
				</Plug>
			</Block>
		</PageBlocks>
	</Page>
</Pages>
